"pxl_col_in_fullres","pxl_row_in_fullres"
3913,2435
9791,8468
5769,2807
4068,9505
9271,4151
3393,7583
3665,8064
5709,11194
2757,9855
9437,9783
10865,2844
10690,7875
11302,8958
4703,7473
5658,8678
8470,10256
4087,6869
7213,3177
3036,9378
10934,2725
8220,6659
10244,2960
11426,10876
9021,10260
4394,2558
6816,10483
10924,4163
10378,3440
7574,10369
10572,5238
7385,7851
3582,10100
4080,7827
2893,10095
9979,10985
9146,2472
6107,3649
3819,5909
11189,5602
4269,10345
6476,9882
6550,9043
7059,5333
4580,5315
10101,3677
10523,2482
4626,8550
6383,3651
3812,6867
11363,10037
9245,7745
9385,7506
8858,4148
10703,6198
7521,8092
10079,6792
8205,8816
11211,2487
8745,10258
3106,9258
6629,7726
9720,8827
2956,10935
6877,11562
10436,4998
4450,4356
7551,4018
3939,8306
6294,6406
2788,5542
6527,2693
6775,6529
3059,6263
8720,4147
9261,5588
10699,6677
4898,9032
4115,3035
10992,4283
9003,3190
5043,8074
5679,5802
5306,9753
4507,5914
9170,8583
7279,3537
4218,7828
5147,3162
4894,9511
7411,4257
4920,5917
10549,8353
8461,11454
9604,5711
10577,4520
4337,10465
3979,2795
6336,10120
4432,6752
9141,3191
3512,10220
4865,4119
5483,4243
3727,9143
5714,10475
10542,9312
11414,3088
6809,11442
9387,7267
7624,3420
7610,5337
9106,7984
7207,3896
8319,2466
8404,9896
10905,6798
7446,8930
9132,4389
3312,9380
10943,10992
7792,8813
6447,4250
8023,5340
9955,4875
4319,3396
6402,10480
7267,5215
9237,8943
9102,8463
5456,8077
5661,8198
5633,2567
5544,5322
6669,11680
10253,11227
8518,3546
7875,6777
3481,5067
11491,11476
10551,8114
6113,2930
6964,9046
5808,7001
9094,9661
9135,3910
3634,2912
4661,3758
9184,6666
5588,8797
10446,3560
11512,8600
7342,4376
7338,4856
8937,2830
6179,3290
4035,4592
4645,5915
4176,4114
3266,6144
6181,3050
11330,5124
3228,11416
11470,4885
4521,3997
10602,10630
3170,9858
6477,9642
4666,3039
9351,2594
7462,6774
4647,5675
8083,6658
4774,7114
8288,6780
10265,9550
5445,9515
8986,5586
7786,9532
7516,8811
4813,11307
10136,8351
4338,10226
11402,4765
11365,9797
7779,10490
11476,3927
9482,3553
5172,9273
7450,8451
2951,11653
7807,6656
8339,9296
6733,2814
6092,5805
10283,7153
8778,5705
10900,7517
5407,5321
5952,6044
4202,9985
9123,5587
4549,9628
11078,11473
2829,9496
8367,5462
9108,7744
5565,2447
6031,4726
4917,6396
9726,7868
11400,5005
2984,7101
4497,7351
6062,9879
3475,5786
9934,7750
4628,8311
5299,10712
8274,8697
8614,9298
9956,4635
5112,7955
10053,10387
7007,3056
7572,10608
4846,6755
5383,8676
10665,11470
7695,3061
11166,8717
4099,5192
5301,10472
9633,11342
5933,8680
8691,8220
10448,3321
10438,4758
5017,11668
6686,9284
3271,5425
5696,3406
2909,7939
10274,8352
9742,5712
4295,6751
4390,3037
5024,10710
9512,8945
6036,4008
4594,3398
6601,11560
8254,11572
8217,7138
10624,7515
6935,3415
10255,10987
8468,10495
3868,8665
10363,5596
3467,6984
9118,6306
3800,8544
9280,2953
4835,8192
8144,7737
6027,5206
4244,4234
9195,5229
9744,5472
6852,5451
9474,4751
11278,2847
3887,6029
5205,4720
3374,10219
4622,9030
4957,10350
8323,11453
10189,10627
6219,7244
7305,9408
3104,9498
3353,3629
7105,8568
8874,11457
9057,5228
3376,9979
3704,2793
6748,10363
7987,10372
7107,8329
8487,7859
9779,10145
3373,10458
10949,10273
9066,4029
7415,3778
3857,10102
8182,2465
5499,11552
3047,7940
9435,10023
8414,8458
8557,7740
9897,3317
7741,6296
4858,5077
4575,6034
2848,6860
7933,8335
5334,5920
8749,9778
10106,2959
8006,7736
4190,11662
4152,7469
4983,6756
7078,2697
4896,9271
10516,3441
9446,8585
3404,6145
8433,5822
11243,7640
6646,5330
11337,4166
8970,7743
7206,4136
3861,9623
3355,3389
7361,11206
10840,6199
6233,5327
5480,4722
11487,2489
3142,4226
3925,10223
5750,5443
10419,7394
7673,6176
7694,3301
7676,5697
10335,9430
3967,4472
6071,8681
10678,9553
4419,8669
6730,3294
6796,3654
9577,9545
8311,3665
2809,2666
9293,10741
8756,8820
5452,8556
2778,6979
3735,7945
10988,4762
10798,2484
3380,9500
7131,4974
9355,11580
3610,6266
6688,9044
9798,7509
7044,7489
4603,11665
5323,7357
8349,7858
7967,3542
7903,2943
3917,11421
9937,7271
3768,3392
6967,8567
4607,11186
9565,11222
10715,4521
7422,2819
10368,4878
9434,10262
6139,8801
6170,4488
10049,10866
8133,9175
8382,3306
6503,6048
8186,11452
10143,7392
11123,5242
8002,8215
3215,3628
3054,6981
7765,2942
6595,2813
9895,3556
9242,8224
6634,7007
3599,7704
5667,7480
3144,3987
8707,6064
4511,5434
5327,6878
9645,9665
4755,9749
5161,10711
7237,9288
11229,9557
9664,7029
6080,7482
3368,11177
10877,10632
6479,9402
4178,3874
5517,9156
9568,10743
8553,8219
10711,5000
7275,4016
11473,4406
8314,3185
6453,3531
3519,9261
7372,9768
7331,5814
8189,10972
10884,9674
11027,8956
9115,6786
8206,8576
10072,7751
4950,11308
9519,7987
3793,9503
9693,2956
3101,9977
5444,9754
7282,3058
4833,8432
4849,6275
10556,7395
6746,10603
9561,11701
10131,9069
10493,6556
3788,10222
4011,7947
7355,2459
4436,6272
11367,9558
9153,10979
5097,10111
5145,3402
8381,3545
4007,8426
3657,9262
9948,5833
3358,2910
8300,5102
2851,6381
7127,5453
9803,6791
5740,6881
7622,3660
5993,9998
10295,5476
10450,3081
9786,9187
6983,6411
7635,11448
7823,4500
9772,11104
7697,2821
7663,7614
2811,2427
6831,8327
4910,7354
7051,6531
3130,5904
11010,11352
11349,2488
9672,5831
3672,7106
8386,2826
9702,11223
4657,4237
3849,11300
7922,9772
10232,4637
8201,9295
6897,8687
6552,8804
8070,8336
4941,3041
3516,9740
4492,8070
10915,5361
3418,4228
3092,11175
9429,10981
3645,10940
7347,3658
4954,10829
7396,6414
7708,10849
9455,7387
7080,2457
2890,10575
3186,7701
3041,8659
7134,4495
8180,2705
7527,7373
5463,7119
3690,4709
5363,11311
6522,3412
10563,6437
5789,9637
9296,10261
4881,11428
7481,4138
11147,11353
11546,3808
9552,3434
6123,10957
3927,9983
5612,5442
4675,11306
6615,9643
9929,8469
10030,4036
10215,7033
2869,3985
10546,8833
4270,10105
7894,4141
5583,9516
5077,3282
8681,9658
7540,5456
5764,3526
3924,10462
4753,9989
3941,8066
9944,6312
11262,5004
7513,9290
7589,8212
8947,10858
3484,4588
10396,10509
11450,7521
4352,8309
8151,6779
2856,5662
8145,7497
8588,3427
9430,10742
11456,6802
7600,6775
9165,9302
8485,8099
8316,2946
4818,10589
7617,4378
10973,6919
3385,8781
11478,3687
6397,11199
8156,6060
5473,5681
5281,3643
6570,6408
7192,6053
4934,4000
6871,2815
9343,3792
8132,9414
5002,4120
8977,6785
5014,2443
6359,7005
8968,7983
8344,8577
2968,9257
8611,9777
11074,2486
7952,5699
11529,6204
7732,7494
6663,2934
2958,10695
6160,5925
7909,11689
3461,7703
10202,8710
6671,11441
10082,6313
3435,11297
7056,5812
3535,7105
3653,9741
11025,9196
10684,8834
3641,11419
11311,7760
3378,9739
7814,5698
9357,11340
8837,7023
3730,8664
5804,7481
8126,10133
4697,8191
3536,6865
9563,11462
10237,3918
9531,6309
4380,4475
3618,5068
11370,9078
6041,3289
3387,8541
4720,5076
7244,8330
6644,5570
10410,8592
3946,7347
9448,8346
5037,8793
11022,9675
8250,2586
9827,3436
5954,5804
5855,9997
5093,10591
8848,5585
5102,9392
4016,7228
4094,5911
10473,9431
11539,4766
7204,4375
4718,5316
3904,3633
9721,8587
10999,3324
6320,2811
10068,8230
11187,5842
11146,11593
11417,2609
9554,3194
11408,3807
5813,6282
3639,11658
10330,10149
10922,4402
5393,7238
5208,4241
8417,7979
7713,10130
9472,4991
7950,5938
3503,11418
6580,4970
9547,4153
10080,6553
4413,9388
3183,8180
3283,3748
6498,6767
10451,2841
3660,8783
7717,9651
9179,7385
4140,9146
4542,10587
7263,5694
4159,6510
8342,8817
5194,6158
7438,10128
6756,9165
8531,11334
9308,8584
4073,8786
6372,5088
9983,10506
6749,10123
8885,10019
8368,5223
7225,10965
4565,7472
6470,10601
10391,11228
4546,10107
6132,9759
7274,4256
4750,10468
11107,7399
9888,4515
10818,9314
2986,6861
2870,3745
4283,8428
3732,8424
3826,4950
2886,11054
5315,8555
6859,4493
6576,5449
5843,11674
4267,10585
10192,10148
6549,9283
9125,5348
11177,7280
9414,3433
7026,9886
3594,8423
5347,4003
7298,10367
9008,2471
10783,4641
4457,3397
4530,2798
5285,3163
7661,7853
9144,2712
5030,9751
5224,11550
8677,10137
10250,11706
9610,4992
7892,4380
10267,9310
8688,8699
11335,4405
8011,7017
8855,4627
10145,7152
5874,7361
8578,4865
10178,2600
10591,2603
4692,8910
6043,3049
8044,2464
9638,10623
3437,11058
4359,7350
3702,3032
11018,10154
7234,9767
8627,7621
5414,4362
11153,10634
5872,7601
9543,4632
3006,3986
11191,5363
11464,5604
10663,11709
9514,8705
7241,8809
9381,7986
9291,10980
3871,8185
11048,6081
5496,2566
2877,2787
10680,9313
8710,5584
6134,9520
9585,8347
11447,8001
5403,5800
3836,3512
6585,4251
4493,7830
6329,11079
8817,9899
11161,9436
3930,9504
10509,4399
4854,5557
7495,11686
5660,8438
4030,5311
8928,4028
5975,2929
10354,6794
6413,9043
10567,5957
7899,3422
11156,10155
4150,7708
5895,4486
7256,6652
5506,10594
10579,4280
9458,6908
10945,10753
5027,10231
9116,6546
3543,5907
11140,2846
5850,10716
8844,6065
7120,6412
5623,4005
8034,3902
5166,9992
4915,6635
10286,6674
11316,7041
4148,7948
4668,2799
11090,9795
9950,5593
9911,10865
6612,10122
3950,6868
11224,10275
10692,7636
3305,10338
7887,5099
7389,7372
9073,3071
10117,10986
9974,11704
8806,11336
6929,4373
3371,10698
8051,10971
10291,5955
10239,3678
3538,6625
8229,5461
8865,3189
8822,9180
7019,10844
7767,2702
9831,2957
9545,4392
6311,4010
5062,5438
6061,10118
4460,2918
4551,9388
6341,9401
5163,10471
6012,7362
8966,8222
9580,9065
4871,3160
4725,4358
4185,2916
9660,7508
9200,4510
11328,5364
2820,10694
11421,11595
8975,7024
5475,5441
4354,8069
10488,7275
8332,10255
9028,9301
4764,8551
10429,5956
4830,8911
4173,4593
7335,5335
8055,10492
9796,7749
11124,5003
6353,7724
4682,10348
8771,6663
9878,5952
8863,3429
10258,10508
8888,9540
6146,7842
8773,6424
9376,8704
5663,7959
9024,9780
8904,7383
9289,11220
9263,5349
8679,9898
3603,7225
2806,3145
3390,8062
3263,6623
9338,4511
3487,4109
4377,4954
5806,7241
8306,4383
4488,8549
3341,5306
3752,5549
8926,4268
10457,11588
7905,2703
3345,4827
6228,6046
7249,7611
4108,3994
4593,3638
7093,10246
3439,10818
4037,4353
10051,10626
11121,5482
7070,3895
7856,9412
9793,8228
4905,8073
5907,2808
6971,8088
10129,9309
6224,6525
8659,3068
4706,6993
8358,6660
7954,5459
10652,3681
11410,3567
7725,8453
10584,3561
9880,5713
10216,6793
6352,7964
3899,4352
7108,8089
4861,4598
8060,9773
7162,10126
2747,11293
7720,9172
4778,6634
6939,2936
6590,3532
6597,2574
3296,11536
3705,2553
10716,4281
7168,9407
11248,6921
11004,2606
6120,11437
4945,2562
8147,7258
4277,9147
8438,5103
3540,6386
8065,9054
9174,8104
7094,10006
9990,9548
6993,4973
4525,3517
8545,9417
3474,6026
9122,5827
5881,6403
6094,5566
9191,5708
7423,2580
9505,9904
10598,11110
3759,4590
3486,4349
9899,3077
5046,7595
9468,5470
7682,4978
7194,5813
7418,3299
6700,7367
9801,7030
7443,9409
7860,8933
9226,10381
2837,8298
10194,9909
3514,9980
10009,6912
3176,9139
10352,7034
8248,2825
9096,9421
8785,4746
6981,6650
6537,10960
7429,11326
9460,6668
10997,3564
2872,3505
5527,7718
8069,8575
6864,3774
4999,4599
11091,9556
6571,6168
10138,8111
5041,8314
7014,11563
6742,11082
7258,6413
4066,9744
8440,4864
5250,7956
7406,4976
3089,11654
5665,7719
8752,9299
3801,8305
11527,6444
9277,3432
8782,5226
5777,11314
10056,9908
6840,7129
8593,2708
11449,7761
2825,9975
5337,5440
4633,7592
3193,6743
7715,9891
8522,3067
10723,3323
6348,8443
5944,7242
3721,9862
6674,10961
11360,10516
6078,7722
4568,6992
6008,7841
5835,3167
11445,8240
7112,7610
6991,5213
3975,3274
6714,5450
10002,7870
11287,11115
10434,5237
11388,6682
7999,8695
9404,4871
3332,6504
2992,5903
3698,3511
4340,9986
9509,9424
9275,3671
3010,3506
7377,9049
8810,10857
7229,10486
3015,2788
9972,2478
10196,9669
7755,4379
10757,8235
5580,9995
3623,4350
9740,5951
6678,10482
7509,9769
8022,5579
6723,4252
3509,10699
9917,10146
5818,5564
10221,6075
11051,5601
5959,5085
3060,6023
6791,4372
4832,8672
5717,9996
8829,8221
5199,5439
11037,7518
6515,4370
6216,7723
3207,4826
3517,9501
5886,5684
7265,5454
6388,2932
10028,4276
9040,7624
7948,6178
8510,4744
10305,4038
7669,6655
9930,8229
4790,4957
7992,9653
10474,9192
3247,8780
10659,2723
11041,7039
5431,11432
7324,6773
8234,4742
6988,5692
3995,10103
3402,6385
11008,11592
11320,6562
9207,3551
8867,2950
4893,9750
9038,7863
4408,10106
6948,11203
3646,10700
8625,7860
6735,2575
10793,3203
10495,6316
10467,10150
7161,10366
7710,10609
7082,11683
3071,4585
5088,11309
4286,7949
6716,5211
7659,8093
6869,3055
4795,4238
3348,4348
3746,6507
9087,10619
5991,10238
11389,6443
9970,2718
6836,7608
2949,2428
2863,4703
7336,5095
8231,5222
7343,4137
8792,3788
10204,8471
10894,8236
11126,4763
4842,7234
3028,10576
5825,4605
9678,5112
10019,5474
6168,4727
7668,6895
8166,4622
10701,6438
6676,10722
7005,3296
3580,10340
6442,4969
11208,2967
5308,9514
9432,10502
3217,3388
9646,9425
7445,9170
10453,2602
9542,4872
8801,2590
4509,5674
6903,7968
8886,9779
4441,5554
2759,9615
10166,4277
5476,5202
4455,3637
4570,6753
11475,4167
10122,10267
11353,11475
10349,7513
9423,11700
10319,11587
6313,3770
8727,3188
8794,3548
6158,6165
11283,11594
10643,4880
7762,3421
4315,3875
3317,8661
9599,6430
4474,10466
8539,10136
9584,8586
5742,6641
9788,8947
6381,3890
10654,3442
2996,5423
10047,11106
9873,6671
8651,4266
6399,10959
10307,3799
11234,8838
6379,4130
5402,6040
10427,6196
7910,11450
8170,4143
5173,9034
7010,2577
4900,8792
2761,9376
8560,7261
7683,4738
2780,6740
8873,11696
7570,10848
6007,8081
5539,6041
8178,2945
8585,3906
7966,3782
10415,7873
4828,9151
11309,8000
10725,3083
3561,3510
4425,7710
6805,2455
6421,7844
10779,5120
7413,4017
11046,6320
9214,2593
7631,2461
3632,3151
10677,9792
3146,3747
9850,9786
11259,5483
6236,4848
3434,11537
11493,11236
5226,11310
5412,4602
10544,9072
8238,4263
8729,2949
10994,4043
5963,4606
11065,3684
6547,9523
5626,3525
11137,3325
11461,6084
7867,7975
8900,7862
5400,6279
7340,4616
7722,8932
7459,7253
9639,10384
3981,2555
10356,6555
6401,10720
6050,11556
6524,3172
9249,7266
7884,5578
11036,7758
3465,7224
10037,3078
5518,8916
4043,3394
9697,2476
8860,3908
4451,4116
6673,11201
10980,5960
8410,8937
9069,3550
8708,5824
6662,3173
10697,6917
7262,5933
3038,9138
7117,6891
3700,3272
10668,10990
10511,4160
3786,10461
6217,7483
9856,9067
10689,8115
4648,5435
8911,6425
8935,3070
10790,3682
4133,10104
6847,6170
6925,4853
9441,9304
6889,9885
10471,9671
10614,8953
4807,2561
7797,8094
5376,9634
7926,9293
7185,7011
4042,3634
8992,4628
10209,7752
3040,8898
3327,7223
4274,9626
7002,3775
10650,3921
10011,6672
5757,4485
8715,4866
10804,11231
5451,8796
8271,9176
3869,8425
5558,3405
8586,3667
10806,10991
6850,5691
7417,3538
9958,4395
9209,3312
9221,11100
3856,10342
9927,8708
5313,8795
4767,8072
4518,4476
7751,4859
7615,4618
10936,2485
8574,5344
9866,7630
4779,6395
9627,2596
10105,3198
6182,2810
4262,11303
6254,2451
7748,5338
5745,6162
9523,7507
11260,5243
9890,4275
3542,6146
10745,9913
5316,8316
2867,4224
9346,3313
8356,6900
9029,9061
6292,6645
10128,9549
7971,3063
6702,7128
7690,3780
5241,9154
8788,4267
7865,8214
3676,6626
5987,10717
9714,9546
6266,10240
5755,4724
6087,6524
4927,4958
3763,4111
8618,8819
10406,9071
11306,8479
6277,8802
9601,6190
6211,8442
6692,8565
7608,5576
11289,10875
6069,8920
7554,3539
9777,10385
5956,5565
4061,10463
10228,5116
3934,9025
2904,8658
8158,5820
9653,8467
7853,9892
7146,2817
8654,3787
8093,5221
11226,10036
9339,4271
5726,8798
3123,6862
6845,6410
8984,5826
5691,4125
5158,11190
4284,8188
4711,6274
8653,4026
11525,6683
6904,7728
6184,2571
8607,10257
3920,10942
5738,7121
4690,9150
7795,8334
3986,11301
3360,2670
11407,4046
9749,4753
3031,10096
4514,4955
9817,4874
4009,8186
2865,4464
9055,5467
4873,2921
11067,3445
9606,5471
2979,7820
4734,3159
7319,7491
8504,5463
4312,4355
5346,4242
9101,8702
3852,10821
6298,5926
4579,5555
6125,10718
9252,6787
7718,9411
3739,7466
5973,3168
5210,4002
2763,9136
6545,9762
4914,6875
4889,10230
7115,7131
3977,3034
6085,6764
10560,6916
6333,10600
8742,10737
4303,5553
5656,8917
4192,11423
8100,4262
5893,4725
9158,10260
4907,7833
11357,10995
9819,4634
6561,7606
4422,8189
8243,3544
10854,4282
3280,4227
7553,3779
9238,8703
3993,10343
10670,10751
3831,4231
9099,8942
4117,2796
5829,4126
6768,7487
3549,5188
10518,3201
11104,7878
9681,4633
3338,5785
9596,6909
5762,3766
7558,3060
10075,7272
8200,9535
5018,11429
7978,11570
10741,10392
7544,4977
9864,7869
4194,11183
9074,2831
7626,3180
4220,7589
9536,5590
7136,4255
5916,11076
6932,3894
9967,3197
9718,9066
6721,4492
2860,5183
8409,9177
8646,4985
7799,7854
3242,9499
7333,5575
9843,10745
8961,8941
10441,4279
8621,8340
8942,11577
10844,5720
9704,10983
7270,4735
7286,2579
4888,10469
6369,5568
7420,3059
4253,3036
10908,6319
4040,3873
11158,9915
10985,5241
8525,2588
3606,6746
10708,5479
3833,3992
8642,5464
8109,3064
4587,4357
6073,8441
6097,5086
3491,3630
5356,2804
10548,8593
4264,11064
5576,10474
5332,6159
9688,3674
11240,8119
6346,8683
7063,4854
7671,6416
4050,2436
6104,4128
10257,10748
3350,4108
2787,5781
5674,6521
8583,4146
6153,6884
9198,4749
5961,4846
8639,5943
6151,7124
4732,3399
9104,8223
10891,8715
3108,9019
5520,8677
7943,6897
11227,9796
10281,7393
7960,4501
4629,8071
4884,10949
10148,6673
11182,6561
4047,2915
10772,6079
8257,11093
4223,7110
10060,9428
10525,11708
10807,10752
5245,8675
4237,5193
8571,5823
11264,4764
7255,6892
11321,6322
5213,3522
7232,10007
4225,6870
3956,5910
3847,11540
11163,9197
6437,5688
9054,5707
3325,7463
4317,3636
8712,5345
6822,9525
3637,2433
3988,11062
8876,11217
8032,4142
3111,8539
9808,6072
2783,6261
3034,9617
7064,4614
3969,4232
9857,8828
3559,3750
10315,2601
5415,4123
7037,8448
9526,7028
5628,3286
9510,9185
6430,6646
5754,4964
5501,11312
4298,6271
4680,10588
5675,6281
5468,6400
11255,5962
7652,9051
8841,6544
5184,7596
7349,3418
8869,2710
6250,2931
9362,10621
5513,9635
5049,7116
2975,8299
10023,4995
5362,11551
7291,11325
10408,8832
3592,8663
8421,7499
10811,10272
11011,11113
3529,7824
7889,4860
10206,8231
11524,6923
6531,11679
7382,8331
8241,3784
5618,4723
4378,4714
8457,2467
5564,2686
9906,11584
2940,3626
6680,10243
4235,5432
3936,8785
4704,7233
5447,9275
6303,5208
9010,11697
3048,7700
3428,2791
10065,8709
8944,11337
8672,10856
6394,11678
2977,8059
4179,3635
4412,9627
3069,4825
4539,11066
4466,11664
5827,4365
10066,8470
4748,10708
6803,2695
5470,6160
3604,6985
3901,4112
4084,7348
4434,6512
3115,8060
7703,11568
7763,3181
3489,3869
5288,2684
10262,10029
6624,8445
3021,11534
4655,4477
4012,7707
7657,8333
3102,9737
11393,5963
4307,5073
3761,4351
4228,6391
10405,9311
4555,8909
9479,4032
8041,2944
10483,7994
10507,4639
7075,3176
11508,9079
9733,6910
11203,3685
4155,6989
9557,2715
8013,6778
11241,7879
4577,5794
10119,10747
7307,9169
7352,2939
3591,8902
6587,4012
10966,7877
9477,4272
3256,7582
3397,7104
2963,9976
5865,8559
4574,6273
4300,6032
7110,7849
7501,10967
3711,11299
9573,10024
7901,3182
5180,8075
5426,2685
10568,5718
9976,11465
11513,8360
4994,5318
6617,9403
10920,4642
10424,6675
2899,9377
6655,4132
3528,8063
6378,4369
8016,6298
4128,10823
8701,6783
4981,6995
10628,7036
8597,11694
3287,3269
5654,9157
8084,6419
5142,3881
9369,9663
9920,9667
4624,8790
10439,4519
3716,10581
11043,6799
6106,3888
10089,5355
5248,8195
8853,4867
4291,7230
5913,11555
6667,2454
8445,4145
7457,7492
10616,8713
8897,8342
9196,4989
4324,2677
10033,3557
8459,11693
5039,8553
9212,2832
5001,4359
10950,10034
11468,5125
6162,5686
8839,6784
3524,8542
7758,3900
8341,9056
5862,9039
3448,9620
6338,9881
8096,4741
10422,6915
4410,9867
7537,5935
7434,10607
9092,9901
2961,10216
2766,8657
5206,4481
9810,5832
9467,5710
11159,9676
4868,3640
7141,3536
5055,6397
3648,10460
3329,6983
9367,9903
7687,4259
7835,2822
7891,4620
9334,4990
6824,9285
8628,7381
3472,6265
5367,10832
10312,3080
7818,5219
4612,10467
4556,8670
5260,6518
7962,4261
6965,8807
8632,6902
7680,5218
3001,4704
6972,7848
8799,2829
5022,10950
9150,11459
3400,6624
4181,3395
3747,6267
10112,11705
6231,5567
10558,7155
5747,5922
7511,9530
5602,6880
4429,7231
7399,5934
10629,6796
7049,6771
3301,10817
2919,6501
3909,2914
9625,2835
6261,10958
9233,9422
9425,11461
5994,9758
3782,10941
6951,10724
3807,7586
7821,4739
10269,9070
6054,11077
6204,9400
9331,5469
3174,9379
8103,3783
5048,7355
9378,8465
10722,3562
6143,8322
4126,11063
7619,4139
3803,8065
2989,6382
6116,2451
7567,11327
3300,11057
10024,4755
3718,10341
5192,6398
4272,9866
4134,9865
6681,10003
4745,11187
9282,2713
11498,10517
9315,7626
10927,3683
9244,7985
11550,3328
5672,6761
7211,3417
3596,8183
4605,11426
2771,7938
3456,8422
8919,5227
11271,3806
3915,11660
10288,6435
6974,7609
9497,11102
7812,5937
3254,7822
8815,10138
9924,9188
5013,2682
10762,7516
4512,5195
3008,3746
5968,3887
7410,4497
10847,5240
10912,5840
4314,4115
7675,5936
8149,7018
6887,10124
5182,7835
4760,9031
5419,3644
8640,5704
9183,6906
11344,3207
10830,7637
6081,7243
3442,10339
8813,10378
5215,3283
11201,3925
6467,11080
6221,7004
5508,10354
7154,11324
4424,7950
9402,5110
3587,9382
7032,9167
7788,9292
4467,11425
5335,5680
2790,5302
5063,5199
5816,5803
4716,5556
8768,7142
4956,10590
9594,7148
6798,3414
10570,5478
9789,8707
10595,11589
8656,3547
10774,5839
8881,10498
7321,7252
6712,5690
3948,7108
3012,3267
3388,8302
4045,3154
3298,11296
8299,5342
6272,9521
8883,10259
8304,4623
3510,10459
9559,2475
4167,5312
3125,6622
8492,7140
5846,11195
11548,3568
11179,7040
9922,9427
7800,7615
4635,7352
10828,7876
9366,10142
3616,5308
8337,9536
10234,4397
4143,8667
4415,9148
4803,3040
6486,8444
7957,4980
3902,3872
9453,7627
8295,5821
8533,11095
10910,6080
10882,9914
10094,4636
11069,3205
7216,2698
4669,2560
2888,10814
6299,5687
5701,2687
6083,7003
9732,7149
5278,4122
11483,2969
4929,4718
6909,7009
5891,4965
5330,6399
5562,2926
9517,8226
6026,5445
5721,9517
6334,10360
4840,7474
5687,4604
9915,10386
10813,10033
6242,4129
8050,11211
8637,6183
6066,9399
3209,4586
8454,2947
5869,8080
6326,11558
7638,10968
3188,7462
6896,8926
7391,7133
8724,3668
9834,2477
5126,6038
3965,4711
8268,9655
4265,10824
4741,11666
7310,8690
10201,8950
8930,3789
4729,3878
9256,6307
6843,6649
6127,10478
10499,5837
10004,7631
9164,9542
10345,7993
8726,3428
10866,2605
7490,2940
6660,3413
3369,10938
3577,10819
10000,8110
7248,7850
9034,8343
3827,4710
6854,5212
6639,6288
4038,4113
6563,7366
7915,10731
11138,3086
8705,6303
10173,3319
4254,2796
10612,9193
3085,2668
2834,8777
8489,7620
9127,5108
9618,3794
8048,11451
8297,5581
11437,9438
10919,4882
6268,10000
8442,4624
4364,6631
5253,7477
5454,8317
9615,4273
4931,4479
9533,6070
9538,5351
4800,3519
4499,7112
4820,10349
7912,11210
9690,3435
2892,10335
9963,3676
4385,3756
4678,10827
6533,11440
11142,2607
6195,10599
3212,4107
11076,11712
3629,3631
7474,5096
8743,10497
7689,4019
6454,3292
11017,10394
6502,6287
11398,5244
2818,10934
11332,4885
3749,6028
3421,3749
6282,8083
3554,4469
6175,3769
6941,2696
4171,4833
2801,3864
10393,10988
8057,10253
3765,3871
4478,9987
9392,6548
4279,8907
7996,9174
11551,3089
7066,4374
11383,7401
2885,11294
6632,7247
8513,4265
6544,10002
8946,11098
7872,7256
4912,7115
6873,2576
8076,7617
4111,3514
4685,9869
11032,8237
9725,8108
5646,10355
10398,10269
5541,5801
5100,9632
10771,6318
10412,8353
10872,11351
8750,9539
8996,4149
2841,7819
5918,10836
6955,10245
4147,8187
10300,4757
8064,9294
7868,7735
9756,3795
5853,10237
3688,4949
10225,5595
7300,10127
5536,6520
6862,4013
10849,5001
9130,4629
6155,6644
10734,11350
11020,9915
5586,9037
5699,2927
5259,6758
7220,11684
7042,7729
4322,2917
5168,9752
8572,5583
2827,9735
5189,6877
9257,6068
9784,9426
5247,8435
7731,7734
9829,3196
2808,2906
11133,3805
5128,5798
10018,5714
4652,4956
5515,9395
5424,2925
9716,9306
3578,10580
9050,6186
7833,3062
4431,6991
4060,10703
6705,6648
8309,3904
4458,3157
4487,8789
9189,5947
5651,9636
4506,6153
7126,5693
10241,3439
9413,3672
4526,3278
9875,6432
7870,7495
4737,2680
7326,6533
10816,9554
5292,11670
9746,5232
10661,2483
11377,8120
9033,8582
5011,2922
5710,10954
9941,6792
7581,9410
8334,10015
8307,4144
7530,6894
5398,6519
7378,8810
7471,5575
9674,5591
3505,11178
3033,9857
5374,9874
4886,10709
8118,11331
9169,8823
10886,9434
7532,6654
4677,11067
6819,10004
9925,8948
7330,6054
6589,3772
3943,7826
7035,8688
9754,4034
7157,10845
8426,6781
5510,10114
8609,10017
9822,4155
11196,4644
7440,9889
2921,6262
10929,3444
7921,10012
4567,7232
6810,11202
3118,7581
10521,2722
4863,4358
9400,5350
10046,11345
11325,5843
7138,4015
4558,8430
11531,5964
2994,5663
8130,9654
7061,5093
10685,8594
4351,8548
3366,11417
11279,2608
5459,7598
6857,4732
4106,4233
4866,3879
4398,11544
6200,9880
10820,9074
10296,5236
9691,3195
3245,9020
3697,3751
4952,11069
6848,5930
9608,5231
7472,5336
3585,9621
7166,9647
9359,11101
11116,6201
7493,2460
4617,9748
8353,7379
6238,4608
4553,9149
3998,9624
8397,10854
6739,11561
5505,10833
9953,5114
8667,11575
10364,5357
3944,7587
7293,11086
8951,10379
7452,8211
7603,6295
7077,2937
3203,5305
4208,9266
4333,10945
6243,3889
7052,6291
9012,11458
6114,2690
7757,4140
9657,7988
5512,9875
6758,8925
11001,3085
7546,4737
6420,8084
10091,5115
10961,8596
9739,6191
10825,8355
11294,10156
4519,4236
11391,6203
3885,6268
4746,10948
7218,2458
10401,9790
8001,8455
10842,5959
6172,4248
7584,8931
9713,9785
10870,11591
3219,3148
8095,4981
7045,7250
3196,6264
8313,3425
11114,6441
4684,10108
9160,10021
7776,10969
6880,11083
4368,6152
9137,3670
8994,4388
11355,11235
7222,11445
5179,8315
10962,8356
7929,8814
10506,4879
6435,5927
8827,8461
3662,8543
6556,8325
4560,8190
8374,4504
10115,11226
8907,6904
4309,4834
4664,3279
9383,7746
4528,3038
6620,8924
8562,7021
10835,6918
7148,2578
9489,2595
4839,7713
7837,2583
10182,11586
10242,3199
8213,7618
3523,8782
9566,10982
10609,9672
8834,7502
9465,5949
3824,5190
7281,3298
4063,10224
5421,3404
11313,7520
8831,7982
6289,7125
5930,9159
5712,10715
4997,4839
8506,5224
9550,3673
2745,11532
2804,3385
7595,7493
8892,9060
6763,8206
6648,5090
5133,5079
2931,4824
4199,10464
3409,5426
10462,10869
7139,3776
2973,8538
7152,11564
5883,6163
6102,4367
8393,11333
11428,10636
7705,11328
3407,5666
8163,5101
3789,9982
11536,5245
9807,6311
8473,9776
5025,10470
10952,9794
3531,7584
4659,3998
8062,9534
4196,10944
4004,8905
9014,11218
5342,4721
8735,11695
6911,6770
6205,9161
9969,2958
8811,10617
10342,8472
5876,7122
4326,2438
4699,7952
6003,8560
5095,10351
6930,4134
6728,3533
4453,3876
9181,7145
9498,10862
4495,7591
9636,10863
6559,7845
6683,9763
6304,4968
7312,8450
5150,2683
3494,3150
5143,3642
9264,5109
8287,7019
4723,4597
7404,5216
7793,8573
8552,8459
8766,7382
7180,7730
6807,11681
7309,8929
9421,2474
2773,7698
9232,9662
11170,8238
10587,3082
4023,6269
5538,6280
5787,9877
3244,9259
9111,7265
7000,4014
4136,9625
10293,5716
6284,7843
6340,9641
4439,5793
7826,4020
9871,6911
6481,9163
4227,6630
4924,5437
8658,3308
4310,4594
4366,6392
10371,4398
7478,4617
2933,4584
6366,6047
3970,3993
9406,4631
6174,4009
6423,7605
8606,10496
6235,5087
7650,9291
11199,4165
6526,2933
7373,9529
3395,7343
8196,10014
7132,4734
11257,5723
10619,8234
10382,2961
8775,6184
3815,6388
11214,11713
7297,10606
9761,3076
11334,4645
4757,9510
5553,4124
7284,2818
5771,2568
7506,10249
2998,5184
6958,9765
6913,6530
4209,9027
3074,4106
5196,5919
3772,2913
6885,10364
10983,5481
3562,3271
8325,11213
6760,8686
9045,6905
6013,7123
6998,4254
5947,6763
9109,7504
10896,7997
10370,4638
5238,9633
8515,4025
5680,5563
5625,3765
8042,2704
7181,7490
10852,4522
3963,4951
7508,10009
3190,7222
9064,4269
8351,7619
7542,5217
7464,6534
11485,2729
6557,8085
4852,5796
9659,7748
8091,5460
6512,4850
11221,10755
10750,9194
7743,6057
9634,11103
5294,11431
4516,4715
5940,7721
10340,8711
9361,10861
7358,11685
3324,7702
8696,7501
4293,6990
10732,11590
3413,4947
7644,10250
6209,8682
3850,11061
10197,9429
8259,10853
6020,6164
7559,2820
4141,8906
6866,3534
3498,2671
10490,7035
4296,6511
3854,10582
10480,8473
3022,11295
8377,4024
6357,7245
3191,6982
2802,3625
7849,10371
7586,8692
3568,2552
9648,9186
5090,11070
3169,10097
6482,8923
4936,3760
5257,6997
6801,2935
4532,2559
10114,11466
6270,9760
9671,6071
11381,7641
4870,3400
4990,5797
10778,5360
4882,11188
9001,3430
6440,5209
5748,5683
4215,8308
8450,3426
8125,10373
10077,7032
10431,5717
3451,9141
9397,5829
10171,3558
6603,11320
9758,3555
7924,9533
8280,7978
3820,5669
5438,10473
9278,3192
9219,11339
7633,11687
11292,10396
9845,10505
3128,6143
10444,3800
6643,5809
6690,8805
3200,5784
10879,10393
5532,6999
4701,7712
5503,11073
2960,10455
5811,6522
7880,6058
8074,7856
11119,5722
7983,10851
7724,8693
8269,9415
11175,7519
4821,10109
5555,3884
6039,3528
8893,8821
10167,4037
6793,4133
10134,8590
9172,8344
4188,2437
4342,9746
6057,10598
8501,5942
7499,11207
5070,4240
10230,4877
5848,10955
4922,5677
3351,3868
6252,2691
10626,7276
11060,4403
4347,9028
10124,10028
4640,6633
5578,10235
5074,3761
11194,4884
11482,3208
8916,5706
4891,9990
7483,3898
7366,10487
4586,4596
5086,11549
9350,2833
10823,8595
11290,10635
3733,8184
5759,4245
7164,9887
4816,10828
11093,9316
5729,8319
7645,10010
6068,9160
9148,11698
6765,7967
3406,5906
2839,8058
11538,5006
8472,10016
8832,7742
2966,9497
4075,8546
3303,10578
5621,4244
8905,7143
4730,3639
3017,2548
11520,7402
5871,7840
6606,10841
9427,11221
2938,3865
11452,7282
6901,8207
11247,7160
5782,10596
2970,9018
3423,3509
6794,3893
8355,7139
9060,4748
4026,5790
9667,6550
8924,4508
5236,9873
6641,6049
3502,11657
6918,5811
11318,6801
7804,7136
9329,5709
4971,8433
8520,3307
6024,5685
6360,6766
9516,8466
4480,9747
3990,10822
3671,7345
3758,4830
7469,5815
7736,7015
3179,8660
10893,8476
6613,9883
11553,2849
3414,4707
7593,7733
5396,6759
11063,3924
5034,9272
10575,4759
8330,10494
5152,2444
5428,2446
3962,5191
3725,9383
3477,5547
6704,6888
6308,4489
6744,10842
7938,7616
4791,4717
10931,3204
8173,3664
4213,8547
5353,3284
7830,3541
8177,3184
5736,7360
4859,4838
9167,9062
4736,2920
5461,7358
5845,11435
9080,11578
7403,5455
8030,4381
4373,5433
7664,7374
7016,11323
7145,3057
4616,9988
8262,10374
11543,4287
6258,11438
8416,8218
7375,9289
3096,10696
10826,8116
4131,10344
5604,6640
3120,7341
3873,7946
10070,7991
9134,4150
4771,7593
2991,6142
10554,7635
5252,7716
10031,3797
2902,8897
5682,5323
5852,10476
11253,6202
4201,10225
10621,7995
3449,9381
3210,4347
7209,3657
9235,9183
7569,11088
3470,6505
5641,11074
9840,11224
11085,10514
7982,11091
5449,9036
10054,10147
5761,4006
6046,2570
7436,10368
5075,3521
11205,3446
11168,8478
9869,7150
8620,8579
3686,5189
6979,6890
5670,7000
10561,6676
4939,3281
10580,4040
8740,10976
3798,8784
5328,6638
9268,4630
11438,9199
8475,9537
10888,9195
11480,3448
3742,6986
6841,6889
5689,4364
3224,2430
9861,8349
11425,11116
8982,6066
9294,10501
2982,7340
10223,5835
3751,5788
3043,8419
4221,7349
10425,6436
10087,5594
3460,7943
9882,5473
5457,7837
2876,3026
3364,11656
9301,9543
10957,9075
5159,10950
8921,4987
8931,3549
3147,3507
8989,5107
6001,8800
10357,6315
3659,9023
5417,3883
11412,3327
11111,6920
2813,11652
5408,5081
8870,2470
4490,8310
3446,9860
7103,8808
4056,11182
5592,8318
5548,4843
8227,5701
11285,11354
5430,11671
7841,11569
3866,8904
7847,10610
5879,6642
4823,9870
6976,7369
11105,7639
3951,6628
9419,2714
5534,6760
6458,2812
6838,7368
6469,10840
4875,2681
5573,10953
10696,7156
8398,10614
5686,4844
9052,5946
11435,9678
10645,4640
4856,5317
6247,3410
4122,11542
9317,7386
9507,9664
7928,9053
10103,3438
7086,11204
6240,4368
3829,4471
3444,10099
9650,8946
8419,7739
8538,10376
6984,6171
7773,11449
10147,6913
5032,9512
6488,8204
7637,11208
3695,3991
10574,4999
10150,6434
10284,6914
6015,6883
3292,2550
7119,6651
2795,4583
7898,3662
8081,6898
4689,9389
9662,7269
9327,5948
7251,7371
10344,8232
5839,2688
6883,10604
8477,9297
3430,2551
8731,2709
7601,6535
6010,7602
11379,7880
8787,4507
9259,5828
2942,3386
8890,9300
5728,8558
5036,9033
8142,7977
10321,11347
4619,9509
5395,6998
8121,10852
6101,4607
7497,11447
10978,6200
6275,9042
4389,3277
10990,4523
5898,4007
8395,11094
9266,4870
3139,4705
6144,8082
9805,6551
5218,2803
5648,10115
7272,4496
7033,8927
7980,11330
11459,6323
5600,7120
9322,6667
7009,2816
3679,6147
9887,4754
11506,9319
4375,5194
8820,9419
10183,11346
3683,5668
8290,6540
6029,4966
9918,9907
4186,2676
3740,7226
7525,7613
9240,8464
3160,11295
9936,7510
9373,9184
9493,11581
11109,7159
9752,4274
4406,10346
5796,8679
8548,8938
7253,7132
5344,4482
10251,11467
8825,8700
8135,8935
4446,4835
2911,7699
3416,4468
5175,8794
6751,9884
9203,4030
6052,11316
11369,9318
6538,10721
10279,7633
10487,7514
9901,2837
4966,9152
10729,2604
3684,5428
9592,7388
8576,5104
6784,5331
5543,5562
6782,5571
6474,10121
11039,7279
3026,10815
4344,9507
3277,4706
7183,7251
7802,7375
5914,11315
2862,4943
6618,9164
7931,8574
7122,6172
10098,4157
2926,5543
4919,6156
7171,8928
5020,11189
3841,2794
10858,3803
3723,9622
5388,7957
9076,2592
9319,7146
8559,7500
10492,6795
11339,3926
8909,6664
10586,3322
3906,3393
9770,11343
9287,11460
8088,5939
3784,10701
10529,11229
5271,5080
10851,4761
9463,6189
10738,10871
8184,11691
9324,6428
10863,3084
11555,2610
4535,11545
10092,4876
9782,9666
7774,11209
5707,11434
8991,4868
3411,5187
6005,8321
4206,9506
3822,5429
5705,11673
10333,9670
11342,3447
8517,3786
8463,11214
6937,3175
8429,6301
9774,10864
2756,10094
3264,6384
10413,8113
7084,11444
7380,8570
10302,4518
4826,9390
9759,3316
10809,10512
10786,4162
3132,5664
11100,8357
11297,9677
5920,10597
5372,10113
11231,9317
8465,10974
5614,5203
3151,3028
10917,5121
3319,8421
7387,7612
9854,9307
8435,5582
7504,10488
3222,2669
7831,3302
10764,7277
9763,2836
8154,6299
10607,9912
2937,4105
6444,4729
10464,10629
5902,3527
6386,3171
2843,7579
9751,4514
3630,3391
8428,6541
4879,11667
5165,10232
3937,8545
9247,7505
5877,6882
4086,7109
9500,10622
9047,6665
8795,3309
7914,10970
5067,4719
8372,4743
9769,11583
8543,9657
8499,6182
5105,8913
6425,7365
11128,4524
6953,10484
7523,7852
7605,6056
10461,11109
11233,9077
5949,6523
10325,10868
2987,6621
9859,8588
9684,4154
4985,6516
8511,4505
6318,3051
10387,11707
6741,11321
9495,11341
5837,2928
2930,5063
10861,3323
7846,10850
10788,3922
10975,6679
10981,5721
4363,6871
4961,9871
10739,10631
8194,10254
5858,9518
7155,11085
10541,9552
3331,6744
8764,7622
11541,4527
4601,2440
3249,8540
9837,11703
4638,6873
6493,7485
8682,9418
6833,8087
4105,4473
7642,10489
5951,6283
11510,8840
7535,6175
3555,4229
6390,2692
8402,10135
5056,6157
9611,4752
10582,3801
5785,10116
5606,6401
5170,9513
9188,6187
5410,4842
7746,5577
8208,8337
9620,3554
8805,11576
2944,3146
4798,3759
6188,11557
8391,11573
2928,5303
7028,9646
10187,10867
5220,2564
5325,7118
4959,10110
7989,10132
8747,10018
10162,4756
3062,5783
4070,9265
6411,9282
6915,6290
7190,6292
8674,10616
6291,6885
5694,3646
7947,6418
3275,4946
4330,11424
11058,4643
3099,10217
5731,8079
3221,2909
8972,7503
4072,9026
2855,5902
6055,10837
2965,9736
3045,8179
6892,9405
3237,10218
8191,10733
6535,11200
3233,10697
6355,7484
3880,6987
3127,6383
8564,6782
3392,7823
10727,2843
10856,4042
3278,4467
6780,5810
2750,10813
11044,6560
5867,8320
5321,7597
4727,4118
6508,5329
6212,8202
8581,4385
8336,9775
4544,10347
3181,8420
6273,9281
8918,5466
7533,6415
6296,6166
4249,3515
3357,3149
4589,4117
5464,6879
4715,5795
3796,9024
6017,6643
9833,2717
11415,2848
6542,10242
3756,5069
3507,10939
10157,5475
10537,10031
6627,7966
10497,6077
7556,3300
7479,4377
6207,8921
4103,4712
10141,7632
3775,2434
10603,10391
8379,3785
3081,3147
4621,9269
5830,3886
6495,7246
10913,5600
4018,6988
10016,5953
10466,10390
11236,8598
7654,8812
6414,8803
6465,11319
7739,6536
10631,6557
3566,2792
2782,6500
6432,6407
9995,8829
5422,3164
7039,8208
11062,4164
4469,11185
9902,2598
3419,3989
9470,5230
8567,6302
5279,3882
6343,9162
4077,8307
11376,8359
9711,10025
5107,8674
8294,6061
7230,10247
2874,3266
6111,3169
5007,3401
5318,8076
11431,10157
5276,4361
8219,6899
2853,6141
5489,3524
9962,3916
5989,10477
5965,4366
4234,5672
5942,7481
10035,3318
8616,9058
11173,7759
4949,11548
7227,10726
6193,10838
9005,2951
11238,8358
5044,7834
11252,6442
5775,11554
8761,8101
5266,5799
3709,11539
4371,5673
9006,2711
11274,3326
5567,11672
10519,2962
9838,11464
3259,7103
10007,7151
6322,2572
3479,5307
3678,6387
5442,9994
10776,5599
7816,5458
9794,7989
9048,6426
10512,3920
5693,3885
11267,4285
9988,9787
10995,3804
6463,11559
10589,2842
10337,9191
3918,11181
5921,10357
5557,3645
7129,5214
7485,3659
8423,7260
5267,5560
10968,7638
9876,6192
5797,8439
7187,6772
8494,6901
4591,3877
6718,4971
7729,7974
10169,3798
7455,7732
6575,5689
8599,11455
4708,6754
9812,5592
6038,3768
5487,3764
8360,6421
5069,4480
3892,5310
6592,3293
7370,10008
5485,4004
4901,8552
7588,8452
6249,3170
7528,7134
8318,2706
5302,10233
8912,6185
8236,4503
8346,8338
8058,10013
10532,10750
11210,2727
5440,10234
4331,11184
3625,4110
6787,4852
9142,2952
4183,3155
9442,9064
7706,11089
5135,4840
9090,10140
3840,3033
4276,9387
6942,2456
4058,10943
6529,2453
7316,7971
4281,8668
4802,3280
9113,7025
4584,4836
10310,3320
5386,8196
4251,3276
11029,8716
4002,9145
4797,3999
9847,10265
8079,7137
11055,5122
5905,3048
7003,3535
9487,2834
2822,10454
4926,5198
4988,6037
3080,3387
7692,3540
3681,5908
4328,11663
3627,3870
6986,5931
9503,10143
7058,5573
7392,6893
3955,6149
6404,10241
10881,10153
5780,10835
10073,7511
7809,6417
2912,7460
8407,9416
3334,6265
8824,8940
6367,5807
7640,10729
8116,11571
3897,4591
9031,8822
3177,8899
3167,10337
3268,5905
3205,5065
8449,3666
9965,3437
3922,10702
11097,8837
5722,9277
7941,7137
10718,4041
5262,6278
8098,4502
3052,7221
7236,9528
10736,11111
7040,7969
3399,6864
9336,4750
5900,3767
11185,6082
10361,5836
8004,7976
11346,2968
3674,6866
9089,10380
6190,11317
5668,7240
9985,10266
8965,8462
7304,9648
10323,11108
6950,10963
3655,9502
10432,5477
8302,4863
7769,2462
8738,11216
5801,7960
5433,11192
10597,11349
8171,3903
2785,6021
10765,7037
10485,7754
8850,5346
5349,3763
9946,6073
9885,4994
10160,4996
3251,8301
7851,10131
9043,7144
11323,6083
10633,6317
7919,10252
6214,7963
5574,10714
4504,6393
8077,7377
8790,4027
10530,10989
3547,5427
6622,8685
4614,10228
9449,8106
6697,7846
8541,9897
9411,3912
5524,8197
3086,2429
7068,4135
6472,10361
7685,4499
11304,8718
3985,11541
5116,7476
8630,7141
5803,7720
3557,3990
9205,3791
8879,10738
5733,7839
9665,6790
5079,3042
5978,2450
5560,3165
6650,4851
8491,7380
7290,11565
6362,6526
3261,6863
8322,11692
10758,7996
8375,4264
4769,7832
7169,9168
5482,4483
11386,6922
3862,9384
5381,8915
4145,8427
3441,10579
2850,6620
7561,2581
4153,7229
9765,2597
9085,10859
5986,10956
3805,7826
5471,5920
2905,8418
4049,2675
5585,9276
9139,3431
11440,8959
8212,7857
10014,6193
4978,7475
8159,5580
11518,7642
7994,9413
5630,3046
5644,10595
9555,2955
7997,8934
10859,3563
8497,6422
5082,2563
3005,4225
7940,7376
8484,8339
7790,9052
10417,7634
7647,9770
10767,6797
11079,11233
3611,6027
5051,6876
11013,10873
7384,8091
5081,2802
5494,2805
6285,7604
7969,3303
7917,10491
10359,6076
3728,8903
10133,8830
10710,5239
6625,8205
9842,10984
6799,3174
8661,2828
4031,5071
2792,5062
8591,2948
5124,6277
6882,10843
10012,6433
4598,2919
6446,4490
10954,9555
5642,10834
4610,10707
6428,6886
10270,8831
10605,10151
10347,7753
10220,6314
3013,3027
8895,8581
10987,5002
5290,2445
6310,4249
6946,11443
5529,7479
8137,8696
6095,5326
11433,9917
3781,11180
10969,7398
10959,8836
10781,4881
9407,4391
8843,6304
6223,6765
7101,9047
7087,10964
6034,4247
10926,3923
11088,10035
7176,8209
3343,5066
10263,9789
4636,7113
6163,5446
9155,10740
7734,7255
2954,11174
6779,6050
5703,2448
8283,7498
5004,3880
10795,2964
7242,8569
9022,10020
6828,8806
5370,10353
2972,8778
5243,8914
3622,4589
10901,7278
5970,3648
6130,9999
8846,5825
9475,4512
7906,2463
6191,11078
11053,5362
4788,5197
9894,3796
11501,10038
7842,11329
5435,10952
5203,4960
3888,5789
5304,9993
6878,11322
7598,7014
4485,9029
6177,3529
3843,2554
9737,6431
10058,9668
4784,5676
5131,5319
10153,5954
6148,7603
4654,4716
3232,10937
4065,9984
5286,2924
4089,6629
10648,4161
4476,10227
5551,4363
7678,5457
6136,9280
7577,9890
9451,7866
9303,9303
4021,6509
9486,3074
5525,7958
4968,8912
11358,10756
4401,11065
9306,8824
9062,4509
7200,4855
8053,10732
5384,8436
11327,5603
4204,9745
8503,5703
6033,4487
11374,8599
10247,2480
9193,5468
3960,5430
4399,11304
9781,9906
5006,3641
10211,7512
11086,10274
3094,10936
10026,4516
2776,7219
8387,2587
10389,11468
6149,7363
6460,2573
9225,10620
4643,6154
5909,2569
7844,11090
10846,5480
9015,10978
8613,9538
6908,7249
3737,7705
3003,4465
3135,5185
11165,8957
6564,7127
6960,9526
8478,9057
6280,8323
7277,3777
5231,10592
11308,8239
11499,10277
9157,10500
2879,2547
9461,6429
7246,8090
5114,7715
6685,9524
7518,8571
7030,9406
2914,7220
11351,11714
6653,4371
6202,9640
4752,10229
11154,10395
4302,5792
4765,8312
6434,6167
6489,7965
7317,7731
5466,6639
10314,2840
5191,6637
6287,7364
6770,7248
5104,9153
11517,7881
6826,9045
9943,6552
5984,11196
10539,9791
3643,11179
10802,11471
4405,10586
7778,10730
10675,10032
8508,4984
8808,11097
9849,10026
5649,9876
11457,6563
5065,4959
8329,10734
4980,7235
8602,10975
5998,9279
2945,2907
11149,11114
5234,10112
3882,6748
8670,11096
8370,4983
10403,9551
5928,9398
5792,9158
3172,9618
9815,5113
6256,11677
4502,6632
10964,8117
10190,10388
8769,6903
9395,6069
4079,8067
2797,4344
8246,3065
8361,6181
3468,6745
3289,3029
11362,10276
9643,9905
8035,3663
7783,10011
8980,6305
9939,7031
3714,10820
4563,7711
6449,4011
7223,11205
9374,8944
6573,5928
9701,11463
6418,8324
7760,3661
9439,9544
5437,10713
4160,6270
10942,11232
4582,5075
9151,11219
11070,2966
9502,10383
3425,3270
3230,11176
8902,7623
8635,6423
10277,7872
8067,8815
3057,6502
7460,7013
6711,5929
6279,8562
6064,9639
11081,10993
10791,3443
6761,8446
3463,7464
8797,3069
10666,11230
7565,11567
8644,5225
10328,10389
3521,9022
3650,10221
9571,10263
9390,6788
6510,5089
4370,5913
9669,6310
8198,9774
5058,5918
8698,7262
6890,9645
7394,6653
7018,11084
3652,9981
4239,4953
5719,9756
7771,11688
6059,10358
6427,7126
3693,4230
4473,10706
9380,8225
3076,3866
5117,7236
5227,11071
9883,5233
10755,8475
11217,11234
5631,2806
6364,6286
3078,3627
8523,2827
4101,4952
8447,3905
6725,4013
2752,10574
5823,4845
5478,4962
6899,8447
5274,4601
11030,8477
7441,9649
4033,4832
5923,10117
9800,7270
3252,8061
2883,11533
4157,6750
3575,11059
5029,9991
4687,9629
5297,10951
3198,6024
9528,6789
3273,5186
10164,4517
7073,3416
3202,5545
7214,2938
9345,3552
9676,5352
9613,4513
3315,8900
8203,9055
6376,4609
3929,9743
8529,11574
6409,9522
6814,10723
6517,4131
8851,5106
6165,5207
4438,6033
6906,7488
3608,6506
3306,10098
3864,9144
9570,10503
4232,5912
2769,8177
8452,3186
10500,5597
8958,9420
5217,3043
6990,5452
5009,3161
6507,5569
4256,2557
4851,6036
11395,5724
6636,6768
6777,6289
6773,6769
10005,7391
5784,10356
3240,9738
9128,4869
8431,6062
3453,8901
5860,9278
9388,7027
3932,9264
7877,6537
6693,8326
8686,8939
6731,3054
4973,8193
7188,6532
10837,6678
10534,10510
6789,4612
8168,4382
10889,8955
5958,5325
6922,5332
10797,2724
7260,6173
3113,8300
4403,10825
11423,11355
8123,10612
7579,9650
4762,8791
5211,3762
5790,9397
3875,7706
6301,5447
6631,7486
4903,8313
4361,7111
4092,6150
10199,9190
10218,6554
10610,9432
11463,5844
9862,8109
2923,6022
6957,10005
10875,10872
11083,10754
9908,11344
9300,9782
3834,3752
6141,8561
6137,9041
8210,8097
6088,6284
4164,5791
6835,7847
9120,6067
4694,8671
2815,11413
6156,6405
3992,10583
5890,5205
7047,7010
9341,4031
9910,11105
5149,2923
5841,2449
9202,4270
3346,4587
10084,6074
8187,11212
7727,8213
3226,11655
8737,11456
11503,9798
11544,4047
7811,6177
5581,9755
9986,10027
8255,11332
2895,9856
3066,5304
3894,5070
8933,3310
7744,5817
5677,6042
5130,5559
6076,7962
5240,9393
7973,2823
11295,9916
4444,5074
7025,10125
4793,4478
3573,11298
7621,3899
8949,10618
8534,10855
4758,9270
3777,11659
8579,4625
10938,11711
10380,3200
9597,6669
10338,8951
9019,10499
5531,7239
8193,10493
6406,10001
2824,10215
5264,6039
7365,10727
10185,11107
6408,9761
8224,6180
7596,7254
10640,5359
10753,8714
6605,11081
6709,6169
7096,9766
3720,10101
4596,3158
11471,4646
8037,3423
10366,5117
5156,11430
6920,5572
10833,7157
9699,11702
7974,2584
10152,6194
11301,9198
6638,6528
6090,6045
11184,6321
7539,5696
5123,6517
5283,3403
7955,5220
10704,5958
8281,7738
10636,5838
4600,2679
10673,10271
4000,9385
4642,6394
8717,4626
10671,10511
11098,8597
4091,6390
10373,4159
10565,6197
5229,10831
5698,3166
7202,4615
8025,5100
6439,5448
4987,6276
3282,3988
7858,9173
8565,6542
9582,8826
2749,11053
8348,8098
7174,8449
10235,4158
9535,5830
8455,2707
11505,9559
9631,11582
9364,10382
6416,8563
3895,4831
9652,8706
8914,5945
8536,10615
7582,9171
5925,9878
8555,7980
5599,7359
11034,7998
4216,8068
8009,7257
4992,5558
4162,6031
8862,3668
8046,11690
8998,3909
4844,6994
10099,3917
9310,8345
2844,7339
7549,4258
7502,10728
9097,9182
7054,6052
5884,5923
9589,7867
4964,9391
6395,11439
3794,9263
4814,11068
10940,11472
6566,6887
5309,9274
10956,9315
2900,9137
6109,3409
2953,11414
7427,11566
7935,8095
8276,8457
2799,4104
10399,10030
4933,4239
5351,3523
4054,11422
10309,3559
2918,6741
5320,7836
8675,10377
3184,7941
3153,2789
3064,5544
6995,4733
9082,11338
3564,3031
3164,10816
9578,9305
4781,6155
8923,4747
7781,10251
7124,5932
10227,5356
8261,10613
7882,5818
5619,4484
11131,4044
8780,5465
8039,3183
4713,6035
8222,6420
4356,7829
7879,6297
3024,11055
3097,10456
11151,10874
9998,8350
11347,2728
3664,8304
8110,2824
9371,9423
10289,6195
7649,9531
3810,7107
5977,2689
8836,7263
6658,3653
4345,9267
8999,3669
10303,4278
9348,3073
10947,10513
8090,5700
10096,4396
6608,10602
6657,3892
10385,2481
4500,6872
8384,3066
5379,9155
4096,5671
5546,5082
11135,3565
8480,8818
8072,8096
10821,8835
4357,7590
9992,9308
6484,8684
7071,3656
2924,5782
5932,8919
4938,3520
9223,10860
3455,8662
10459,11348
3545,5667
4483,9268
9210,3072
10061,9189
10527,11469
7401,5695
4743,11427
11198,4404
4837,7953
5752,5204
7314,8210
9603,5950
9521,7747
6500,6527
10260,10268
5550,4603
8601,11215
7199,5094
9228,10141
5140,4121
3808,7346
8878,10977
10874,11112
8759,8341
8164,4862
9162,9781
8273,8936
9273,3911
10553,7874
10478,8712
4383,3996
3116,7821
6374,4849
10682,9073
5716,10236
5340,4961
9312,8105
8546,9178
9254,6547
11049,5841
3770,3152
10476,8952
10907,6559
8482,8578
11250,6681
11534,5485
3134,5424
9575,9784
8215,7378
11266,4525
4382,4235
11444,8480
11454,7042
11180,6800
3195,6503
9524,7268
5255,7237
5832,3647
4392,2797
10655,3202
8292,6300
6045,2809
5177,8554
3090,11415
2935,4345
5897,4246
9059,4988
4786,5436
9176,7864
10213,7273
9591,7628
6392,2452
9393,6308
7666,7135
7328,6293
10746,9673
10140,7871
7466,6294
7368,10248
7268,4975
4124,11302
9529,6549
10617,8474
10769,6558
3029,10336
11024,9435
3083,2908
8245,3305
4739,2441
7828,3781
8496,6661
5233,10352
3911,2674
3158,11535
2846,7100
3552,4708
3141,4466
8400,10375
10647,4400
11403,4526
6197,10359
10276,8112
3050,7461
11315,7281
5154,11669
9820,4394
3162,11056
3383,9021
2916,6980
9735,6670
7089,10725
7023,10365
9484,3314
4877,2442
6019,6404
10038,2838
4288,7709
9320,6907
7453,7972
3859,9863
11222,10515
6514,4610
3122,7102
9041,7384
7143,3297
9270,4390
5492,3045
5391,7478
7239,9048
11299,9437
8647,4745
6754,9404
3313,9140
6331,10839
5358,2565
6695,8086
5595,7838
8569,6063
9978,11225
10481,8233
5724,9038
3613,5787
6263,10719
4427,7471
10155,5715
6505,5808
9683,4393
9083,11099
6230,5806
11276,3087
10635,6078
3426,3030
9852,9547
10443,4039
3320,8181
6198,10119
5607,6161
5799,8199
5119,6996
5138,4360
4464,2439
6118,11676
6812,10962
8956,9660
9017,10739
6916,6051
8954,9900
9960,4156
9686,3914
7350,3178
3691,4470
4289,7470
5945,7002
4014,7468
3876,7467
7886,5339
11130,4284
4129,10584
8973,7264
8633,6662
10933,2965
3636,2672
7408,4736
10040,2599
5369,10593
8363,5941
4082,7588
6345,8922
2980,7580
8027,4861
7656,8572
9418,2954
8783,4986
8119,11092
7936,7855
10976,6440
3773,2673
5098,9872
7100,9287
7363,10966
2831,9256
11522,7162
9993,9068
4174,4354
7614,4858
3500,2432
8412,8698
3667,7825
5939,7961
4962,9631
3496,2911
5522,8437
10720,3802
9824,3915
3550,4948
7398,6174
11245,7400
5611,5682
7985,10611
7612,5097
6519,3891
7699,2582
9283,2473
7345,3897
5735,7600
9707,10504
4211,8787
3972,3753
8008,7496
8963,8701
6594,3053
4541,10826
4053,11661
10246,2720
9313,7865
6962,9286
7711,10370
11532,5725
7576,10129
11340,3686
5616,4963
7323,7012
4548,9868
7302,9888
3974,3513
3908,3153
9814,5353
5187,7117
5966,4127
7476,4857
10159,5235
4028,5551
3482,4828
8266,9895
4113,3275
4138,9386
3285,3508
7805,6896
5778,11075
7488,3179
11192,5123
5609,5921
3766,3632
5981,11675
8138,8456
8714,5105
6610,10362
10063,8949
9623,3075
6767,7727
6977,7130
3589,9142
8020,5819
3526,8303
5405,5561
6000,9040
6554,8564
5766,3287
9641,10144
8405,9656
3601,7465
2832,9017
10784,4401
6306,4728
4650,5196
3149,3268
9548,3913
10208,7992
5971,3408
7825,4260
10752,8954
7753,4619
8898,8102
3493,3390
7021,10605
8239,4023
8604,10736
10514,3680
9775,10624
7431,11087
2794,4823
4471,10946
3533,7344
3362,2431
9655,8227
7486,3419
6867,3295
7861,8694
5295,11191
3779,11420
3258,7342
10108,2719
3137,4945
4776,6874
3890,5550
6327,11318
2947,2667
3310,9619
10638,5598
2858,5422
7863,8454
6578,5210
9067,3790
10502,5358
4943,2801
2754,10334
3744,6747
10176,2839
3235,10457
9026,9541
6772,7008
8595,2468
11056,4883
9218,11579
5767,3047
10600,10870
8327,10973
10469,9911
8703,6543
5053,6636
8226,5940
11396,5484
10376,3679
6245,3650
9177,7625
9826,3675
10298,4997
9709,10264
6726,3773
6259,11198
4024,6030
4847,6515
4387,3516
7359,11446
3791,9742
6451,3771
7819,4979
10326,10628
7098,9527
8733,2469
2764,8896
9444,8825
4019,6749
11442,8719
6665,2694
8776,5944
6817,10244
10898,7757
11372,8839
6129,10239
10748,9433
2775,7459
5269,5320
2907,8178
4230,6151
11219,10994
8695,7741
3339,5546
5809,6762
7295,10846
6969,8328
11494,10996
11269,4045
5743,6402
11072,2726
11172,7999
3154,2549
8436,5343
8105,3543
6651,4611
3238,9978
10687,8354
4662,3518
6385,3411
3615,5548
9325,6188
6122,11197
9981,10746
4305,5313
6582,4730
11215,11474
10642,5119
6521,3652
3055,6742
3754,5309
11496,10757
4561,7951
9416,3193
4537,11305
9728,7629
8102,4022
5815,6043
5490,3285
4481,9508
8953,10139
8028,4621
7627,2941
7467,6055
3214,3867
7990,9893
7547,4498
6371,5328
10331,9910
9399,5589
5273,4841
9868,7390
4710,6514
8649,4506
4443,5314
6753,9644
4247,3755
9186,6427
5354,3044
9695,2716
10743,10152
8140,8216
3883,6508
8152,6539
4908,7594
6491,7725
10713,4760
7491,2700
7173,8689
5857,9757
8719,4386
8278,8217
2768,8417
4260,11543
8693,7981
4246,3995
4722,4837
2817,11173
4673,11546
9286,11699
9540,5111
3817,6148
9251,7026
11515,8121
5377,9394
3290,2790
9230,9902
4572,6513
9036,8103
10504,5118
6456,3052
7785,9771
10174,3079
7873,7016
7195,5574
4462,2678
5072,4001
8757,8580
4005,8666
3958,5670
3322,7942
6923,5092
7113,7370
5198,5679
8424,7020
5903,3288
4166,5552
7591,7973
6861,4253
11095,9076
11430,10397
4118,2556
7945,6657
6099,4847
7964,4021
8700,7022
8107,3304
6496,7006
4609,10947
7514,9050
6265,10479
4321,3156
8623,8100
9305,9063
3878,7227
5365,11072
3270,5665
3838,3273
3073,4346
7959,4740
9332,5230
5937,8200
5935,8440
8112,2585
10420,7154
5982,11436
9616,4033
10126,9788
10800,11710
8938,2591
3597,7944
9747,4993
7178,7970
5794,8918
10375,3919
10694,7396
8763,7861
6167,4967
8689,8460
3814,6627
4523,3757
5639,11313
7448,8691
5820,5324
11272,3566
5888,5444
6821,9764
4110,3754
3381,9260
5996,9519
10832,7397
9679,4873
9622,3315
3165,10577
8856,4387
4448,4595
7737,6776
5311,9035
10814,9793
7091,10485
11102,8118
8722,3907
4783,5916
6945,11682
10657,2963
10021,5234
8979,6545
4335,10705
8590,3187
4995,5078
5926,9638
5822,5084
11117,5961
6540,10481
3713,11060
3308,9859
8550,8698
7520,8332
3953,6389
8285,7259
10085,5834
3620,4829
5137,4600
6996,4494
9723,8348
7629,2701
8663,2589
5593,8078
10351,7274
4969,8673
8232,4982
5201,5200
3336,6025
9951,5354
11015,10633
9892,4035
4241,4713
8818,9659
6226,6285
3584,9861
11489,11715
8015,6538
3458,8182
9456,7147
9587,8107
4976,7714
8264,10134
8161,5341
5109,8434
6315,3530
9730,7389
5597,7599
9932,7990
8754,9059
5389,7717
10760,7756
10903,7038
9071,3311
11002,2845
10971,7158
10706,5719
6022,5924
5092,10830
8987,5347
5111,8194
5060,5678
7433,10847
6699,7607
6855,4972
10110,2479
5185,7356
10622,7755
4417,8908
5121,6757
3997,9864
8128,9894
9481,3793
4197,10704
9913,10625
10044,11585
3067,5064
9706,10744
5637,11553
5864,8799
7354,2699
4098,5431
5590,8557
9409,4152
8466,10735
4805,2800
10121,10507
7750,5098
6719,4731
6707,6409
4169,5072
8175,3424
4420,8429
4772,7353
9997,8589
8684,9179
5834,3407
6350,8203
6934,3655
6583,4491
8669,11335
4242,4474
8443,4384
11112,6680
10535,10270
5339,5201
7159,10605
7607,5816
10272,8591
8018,6059
11405,4286
10839,6439
6075,8201
11206,3206
11384,7161
4349,8788
10383,2721
4975,7954
8365,5702
6568,6647
2836,8537
7896,3901
3109,8779
6786,5091
5569,11433
8960,9181
3669,7585
10394,10749
7854,9652
2897,9616
3571,11538
6927,4613
4696,8431
11466,5365
9298,10022
6894,9166
6829,8566
5684,5083
7197,5334
2999,4944
4811,11547
8086,6179
5653,9396
4825,9630
4631,7831
5571,11193
6317,3291
